Resampler,Model,Accuracy,BalancedAcc,MacroF1,MCC,Kappa,PathologicalRecall
None,LightGBM,0.9547058823529412,0.9093691716646055,0.9184715542852618,0.8748974863315161,0.8741908665836909,0.9361702127659575
SMOTE,LightGBM,0.9535294117647058,0.9123466966356736,0.9146369059961615,0.8728098713217096,0.8726641262701588,0.9361702127659575
ADASYN,LightGBM,0.9529411764705882,0.9165278110549692,0.9145358367223118,0.8719468364027116,0.871879174525058,0.9432624113475178
BorderlineSMOTE,LightGBM,0.9529411764705882,0.9163189711246655,0.9137908143582633,0.8718852477510782,0.8717708167350399,0.950354609929078
BorderlineSMOTE,XGBoost,0.9529411764705882,0.9139980176334134,0.9132999825645709,0.8715222970112637,0.8713637803914892,0.950354609929078
SMOTETomek,LightGBM,0.9529411764705882,0.9099826304418203,0.9132338973538086,0.8711509673551455,0.871029045965817,0.9290780141843972
ADASYN,XGBoost,0.9523529411764706,0.9118427913698636,0.9098907150198485,0.8702535261725706,0.8701563216049697,0.9361702127659575
None,XGBoost,0.951764705882353,0.9023070247719502,0.9139343910996837,0.8663971092133899,0.8655632696478703,0.9361702127659575
SMOTE,XGBoost,0.9494117647058824,0.9094225514597126,0.9078524680652954,0.8623118709544259,0.8622577852144756,0.9361702127659575
BorderlineSMOTE,RandomForest,0.9441176470588235,0.9027219107113669,0.9031090731779504,0.8479378094531241,0.847930584784584,0.9290780141843972
SMOTETomek,RandomForest,0.9435294117647058,0.9078546619459847,0.9020030039739874,0.8475487637042731,0.8475042842699547,0.9432624113475178
SMOTETomek,XGBoost,0.9435294117647058,0.9011006414025321,0.8975410785803192,0.8465225444864857,0.8464397450071746,0.9361702127659575
ADASYN,RandomForest,0.9411764705882353,0.9061040545293461,0.9006355353033554,0.8421675878077484,0.8420288696886854,0.9290780141843972
SMOTE,RandomForest,0.941764705882353,0.9036173738103915,0.9004824759759894,0.8418197287532407,0.8417745319985861,0.9432624113475178
None,RandomForest,0.9429411764705883,0.8765712399476758,0.8962062533109126,0.8405353233456859,0.8388554731971407,0.8936170212765957
SMOTETomek,MLP,0.9270588235294117,0.8574209545179614,0.8617061397033776,0.7994913356430775,0.7992673448535594,0.8794326241134752
BorderlineSMOTE,MLP,0.9252941176470588,0.8547618229886016,0.85741521804471,0.7950590182602038,0.7948726718903353,0.8652482269503546
None,SVM,0.9258823529411765,0.8569170492521514,0.8672938854089467,0.7950137100828705,0.7946241775858465,0.8794326241134752
SMOTE,SVM,0.918235294117647,0.8903592410238126,0.8685730243491335,0.7925984094854678,0.7895246892082192,0.8936170212765957
SMOTE,MLP,0.9241176470588235,0.8582733049143846,0.8632228244171182,0.791684693429829,0.7915482461726813,0.8865248226950354
SMOTETomek,SVM,0.9176470588235294,0.8901072883909077,0.867961638675793,0.791392716172735,0.7882155289628612,0.8936170212765957
ADASYN,MLP,0.9241176470588235,0.8517281243012359,0.8595827801050765,0.7905543300629879,0.7902288542937084,0.8723404255319149
ADASYN,SVM,0.9152941176470588,0.885200367761802,0.8530543075046858,0.7867957030019385,0.7835226036712727,0.9078014184397163
None,MLP,0.9217647058823529,0.8387904292889439,0.8512986663625076,0.7826796366860947,0.7820588450757444,0.8439716312056738
BorderlineSMOTE,SVM,0.9141176470588235,0.8798457155831839,0.8507554774165141,0.7815777682129339,0.7790291348572191,0.9148936170212766
None,LogReg,0.8958823529411765,0.791706020068804,0.8012930768348725,0.7130540852083795,0.7128614043358024,0.7659574468085106
SMOTE,LogReg,0.8676470588235294,0.839446841765115,0.7789943925371919,0.6973831727790673,0.6846120356994438,0.8226950354609929
SMOTETomek,LogReg,0.8676470588235294,0.839446841765115,0.7786017106530996,0.6973771145413739,0.6846367386244556,0.8226950354609929
ADASYN,LogReg,0.8505882352941176,0.8307946129928512,0.7512520465618736,0.6668192929482263,0.6516376579853072,0.9078014184397163
BorderlineSMOTE,LogReg,0.8488235294117648,0.8202209841744126,0.7473345083518889,0.6589525934910533,0.6450997116282848,0.8865248226950354
